Run Number,Min Time,Max Time,Zero Time
68452,34496.704605,35008.719825,34496.704605
