Run Number,Min Time,Max Time,Zero Time
68498,53889.936646,54118.613040,53889.936646
