Run Number,Min Time,Max Time,Zero Time
68465,71111.727102,72098.741874,71111.727102
