Run Number,Min Time,Max Time,Zero Time
68481,45370.777315,45604.691181,45370.777315
