Run Number,Min Time,Max Time,Zero Time
68465,63991.278586,64417.947609,63991.278586
