Run Number,Min Time,Max Time,Zero Time
68452,34269.762460,34496.704605,34269.762460
