Run Number,Min Time,Max Time,Zero Time
68489,44564.941792,44722.411425,44564.941792
