Run Number,Min Time,Max Time,Zero Time
68498,54630.628310,54862.390362,54630.628310
