Run Number,Min Time,Max Time,Zero Time
68481,34717.368079,35166.906312,34717.368079
