Run Number,Min Time,Max Time,Zero Time
68481,45604.691181,46116.706450,45604.691181
