Run Number,Min Time,Max Time,Zero Time
68498,53377.921396,53889.936646,53377.921396
