Run Number,Min Time,Max Time,Zero Time
68489,43810.365097,44052.926552,43810.365097
