Run Number,Min Time,Max Time,Zero Time
68465,70465.697076,70599.711895,70465.697076
