Run Number,Min Time,Max Time,Zero Time
68475,43666.648497,44178.663707,43666.648497
