Run Number,Min Time,Max Time,Zero Time
68465,69953.681871,70465.697076,69953.681871
