Run Number,Event Number,Plot Time (Time axis of TAPlot),Detector Time (detectors internal clock),OfficialTime (run time),CutsType0,CutsType1,CutsType2,Vertex Status,X,Y,Z,Number of Helices,Number of Tracks
68498,710452,0.008260,47838.369476,47838.514025,1, 0, 0, 1,-3.961898,3.930792,-19.084963,-1,2
68498,716221,0.005340,48435.885186,48436.031016,1, 0, 0, 1,5.123274,7.083981,-14.337875,-1,2
68498,723831,0.008582,49237.679921,49237.827478,1, 0, 0, 1,-6.513169,2.218366,-11.370721,-1,2
68498,733878,0.011614,50266.231271,50266.381019,1, 0, 0, 1,-4.146364,-8.164517,12.178858,-1,2
68498,739634,0.009944,50867.846540,50867.997579,1, 0, 0, 1,-1.445011,2.212962,-13.849674,-1,2
68498,760094,0.008935,53001.498399,53001.654060,1, 0, 0, 1,-2.815338,0.514995,19.387895,-1,2
