Run Number,Min Time,Max Time,Zero Time
68452,35783.639613,36233.713519,35783.639613
