Run Number,Min Time,Max Time,Zero Time
68481,46116.706450,46349.768822,46116.706450
