Run Number,Min Time,Max Time,Zero Time
68452,35008.719825,35271.624401,35008.719825
