Run Number,Min Time,Max Time,Zero Time
68481,46861.784096,48432.976025,46861.784096
