Run Number,Min Time,Max Time,Zero Time
68452,25639.036407,26151.051650,25639.036407
