Run Number,Min Time,Max Time,Zero Time
68465,63479.263395,63991.278586,63479.263395
