Run Number,Min Time,Max Time,Zero Time
68475,34489.448204,35145.526482,34489.448204
