Run Number,Min Time,Max Time,Zero Time
68498,54118.613040,54630.628310,54118.613040
