Run Number,Min Time,Max Time,Zero Time
68475,44178.663707,44544.721987,44178.663707
