Run Number,Min Time,Max Time,Zero Time
68465,69659.981707,69953.681871,69659.981707
