Run Number,Min Time,Max Time,Zero Time
68489,44052.926552,44564.941792,44052.926552
