Run Number,Min Time,Max Time,Zero Time
68498,54862.390362,54877.991146,54862.390362
