Run Number,Event Number,Plot Time (Time axis of TAPlot),Detector Time (detectors internal clock),OfficialTime (run time),CutsType0,CutsType1,CutsType2,Vertex Status,X,Y,Z,Number of Helices,Number of Tracks
68465,1044472,0.006801,64491.233431,64491.421112,0, 0, 0, 0,-99.000000,-99.000000,-99.000000,-1,1
68465,1054203,0.003623,65493.667070,65493.856714,1, 0, 0, 1,-0.787138,2.801316,-6.284292,-1,2
68465,1055584,0.000895,65640.460947,65640.650876,1, 0, 0, 1,5.641824,-0.987469,4.519155,-1,2
68465,1073614,0.011119,67466.999665,67467.193100,1, 1, 0, 1,-1.417697,2.829383,-11.515671,-1,5
68465,1082265,0.000172,68376.549717,68376.744884,1, 0, 0, 1,-5.823125,2.220061,4.279981,-1,2
68465,1082266,0.009718,68376.559263,68376.754429,0, 0, 0, 0,-99.000000,-99.000000,-99.000000,-1,1
68465,1087564,0.001758,68935.321565,68935.517789,1, 0, 0, 1,-2.005025,-0.239611,12.164429,-1,2
68465,1087565,0.011581,68935.331387,68935.527612,0, 0, 0, 0,-99.000000,-99.000000,-99.000000,-1,1
68465,1091711,0.008058,69375.646172,69375.843230,0, 0, 0, 0,-99.000000,-99.000000,-99.000000,-1,0
