Run Number,Min Time,Max Time,Zero Time
68452,35271.624401,35783.639613,35271.624401
