Run Number,Min Time,Max Time,Zero Time
68475,44544.721987,44560.322774,44544.721987
