Run Number,Min Time,Max Time,Zero Time
68475,42963.768834,43475.784041,42963.768834
