Run Number,Min Time,Max Time,Zero Time
68481,34205.352802,34717.368079,34205.352802
