Run Number,Min Time,Max Time,Zero Time
68475,42571.347891,42963.768834,42571.347891
