Run Number,Min Time,Max Time,Zero Time
68481,46349.768822,46861.784096,46349.768822
