Run Number,Min Time,Max Time,Zero Time
68465,70599.711895,71111.727102,70599.711895
