Run Number,Plot Time (Time axis of TAPlot),OfficialTime (run time),SIS Channel, SIS Module,Counts
68452,0.010481799999979557,28925.639153299999,6,0,1
68452,0.010481799999979557,28925.639153299999,7,0,1
68452,0.0069695999991381541,29238.080761199999,3,0,2
68452,0.0090681999972730409,31427.853639699999,3,0,1
68452,0.0102270999996108,31427.854798600001,3,0,2
68452,0.00012349999815342017,31853.6598251,3,0,1
68452,0.0075834999988728669,32703.257174999999,3,0,1
68452,0.0077254999996512197,33015.887727100002,3,0,1
68452,0.0053231000056257471,33328.544244700002,3,0,1
