Run Number,Min Time,Max Time,Zero Time
68475,43475.784041,43666.648497,43475.784041
