Run Number,Min Time,Max Time,Zero Time
68452,36233.713519,36249.314310,36233.713519
