Run Number,Min Time,Max Time,Zero Time
68465,72098.741874,72114.342662,72098.741874
