Run Number,Min Time,Max Time,Zero Time
68489,44722.411425,45234.426663,44722.411425
