Run Number,Min Time,Max Time,Zero Time
68489,45234.426663,46404.961846,45234.426663
