Run Number,Min Time,Max Time,Zero Time
68498,53078.653282,53377.921396,53078.653282
