Run Number,Min Time,Max Time,Zero Time
68481,48432.976025,48448.576810,48432.976025
