Run Number,Min Time,Max Time,Zero Time
68452,26151.051650,28925.562728,26151.051650
