Run Number,Min Time,Max Time,Zero Time
68489,46404.961846,46420.562634,46404.961846
