Run Number,Min Time,Max Time,Zero Time
68475,33977.432990,34489.448204,33977.432990
