Run Number,Min Time,Max Time,Zero Time
68508,6748.862587,6764.463374,6748.862587
