Run Number,Event Number,Plot Time (Time axis of TAPlot),Detector Time (detectors internal clock),OfficialTime (run time),CutsType0,CutsType1,CutsType2,Vertex Status,X,Y,Z,Number of Helices,Number of Tracks
68506,690344,0.008653,43415.088270,43415.177174,1, 0, 0, 1,-3.060493,1.945809,17.883728,-1,2
68506,692638,0.007329,43634.327731,43634.417140,1, 0, 0, 1,-2.179557,-8.500777,19.563561,-1,2
68506,705424,0.000047,44950.826092,44950.918528,1, 0, 0, 1,0.972704,-3.718197,-7.124947,-1,2
68506,732751,0.006439,47783.521706,47783.620659,1, 0, 0, 1,-4.553588,6.932251,-17.972260,-1,3
68506,742373,0.009019,48797.701775,48797.803060,1, 0, 0, 1,-5.443238,-2.653137,-13.072293,-1,2
