Run Number,Min Time,Max Time,Zero Time
68508,5407.507656,5496.027687,5407.507656
