Run Number,Min Time,Max Time,Zero Time
68508,6008.042985,6748.862587,6008.042985
