Run Number,Min Time,Max Time,Zero Time
68508,4321.767855,4895.492363,4321.767855
