Run Number,Min Time,Max Time,Zero Time
68508,5496.027687,6008.042985,5496.027687
