Run Number,Min Time,Max Time,Zero Time
68508,4895.492363,5407.507656,4895.492363
